north,south,west,east
31.167389,30.167389,114.875145,115.875145
32.167389,31.167389,114.875145,115.875145
33.167389,32.167389,114.875145,115.875145
34.167389,33.167389,114.875145,115.875145
30.167389,29.167389,115.875145,116.875145
31.167389,30.167389,115.875145,116.875145
32.167389,31.167389,115.875145,116.875145
33.167389,32.167389,115.875145,116.875145
34.167389,33.167389,115.875145,116.875145
35.167389,34.167389,115.875145,116.875145
30.167389,29.167389,116.875145,117.875145
31.167389,30.167389,116.875145,117.875145
32.167389,31.167389,116.875145,117.875145
33.167389,32.167389,116.875145,117.875145
34.167389,33.167389,116.875145,117.875145
35.167389,34.167389,116.875145,117.875145
28.167389,27.167389,117.875145,118.875145
29.167389,28.167389,117.875145,118.875145
30.167389,29.167389,117.875145,118.875145
31.167389,30.167389,117.875145,118.875145
32.167389,31.167389,117.875145,118.875145
33.167389,32.167389,117.875145,118.875145
34.167389,33.167389,117.875145,118.875145
35.167389,34.167389,117.875145,118.875145
28.167389,27.167389,118.875145,119.875145
29.167389,28.167389,118.875145,119.875145
30.167389,29.167389,118.875145,119.875145
31.167389,30.167389,118.875145,119.875145
32.167389,31.167389,118.875145,119.875145
33.167389,32.167389,118.875145,119.875145
34.167389,33.167389,118.875145,119.875145
35.167389,34.167389,118.875145,119.875145
28.167389,27.167389,119.875145,120.875145
29.167389,28.167389,119.875145,120.875145
30.167389,29.167389,119.875145,120.875145
31.167389,30.167389,119.875145,120.875145
32.167389,31.167389,119.875145,120.875145
33.167389,32.167389,119.875145,120.875145
34.167389,33.167389,119.875145,120.875145
35.167389,34.167389,119.875145,120.875145
28.167389,27.167389,120.875145,121.875145
29.167389,28.167389,120.875145,121.875145
30.167389,29.167389,120.875145,121.875145
31.167389,30.167389,120.875145,121.875145
32.167389,31.167389,120.875145,121.875145
33.167389,32.167389,120.875145,121.875145
30.167389,29.167389,121.875145,122.875145
31.167389,30.167389,121.875145,122.875145
32.167389,31.167389,121.875145,122.875145
